station_id,name,address,city,services
410,מצפה אביב,בכביש 781 כפר אעבלין,אעבלין,בנזין 98
100,אבו כביר,הרצל  188,תל אביב - יפו,פז wash | yellow | 24/7 | אוריאה
265,אביאל (סופרלנד),שד' מרילנד  ליד הסופרלנד,ראשון לציון,פז wash | yellow | 24/7 | בנזין 98 | פז charge | אוריאה | מיכלי גז | תרופות ללא מרשם
628,אדום אילת,ששת הימים מול מפעלי תובלה,אילת,"פז wash | yellow | 24/7 | גפ""מ | פז charge"
405,און עפולה,כביש מס' 71  עפולה- בית שאן,עפולה,yellow | שומרות שבת | פז charge
616,אופקים,שדרות הרצל,אופקים,שומרות שבת
390,אורות,קניון אורות-שד' הנשיא פינת קופלביץ,אור עקיבא,פז wash | yellow | שומרות שבת | פז charge
305,אורלי,עין דור 16 ( (רחוב הבנקים),חיפה,yellow | 24/7
271,אורלי גהה,כביש 4,גבעת שמואל,yellow | שומרות שבת | כספומט | בנזין 98 | תרופות ללא מרשם
406,איכסל,כפר איכסאל,נצרת,yellow | תדלוק בשירות מלא
217,"אילון ב""ב",החשמונאים  6,בני ברק,yellow | שומרות שבת
151,אלוף שדה,אלוף שדה-רמת גן  15,גבעתיים,yellow | 24/7 | בנזין 98 | פז charge | תדלוק בשירות מלא | מיכלי גז
270,אלישמע,כביש 40 מול מושב אלישמע בכניסה המזרחית של הוד השרון,הוד השרון,yellow | 24/7 | בנזין 98 | פז charge
530,אלנבי,דרך חברון  99,ירושלים,24/7 | בנזין 98 | תדלוק בשירות מלא
426,אפק החדשה,מרחב מועצה אזורית סמוך לכביש 79,אפק,yellow | 24/7 | אוריאה | תרופות ללא מרשם
534,אפרידר אשקלון,ככר צפניה  10,אשקלון,yellow | 24/7 | פז charge
620,"אצטדיון ב""ש",דרך שמשון ליד האצטדיון,באר שבע,yellow | 24/7
235,"אצטדיון כ""ס","התע""ש פינת הפועל  32",כפר סבא,yellow market | 24/7 | כספומט | בנזין 98 | פז charge | מיכלי גז | תרופות ללא מרשם
208,"אצטדיון פ""ת",גיסין 37  קרית אריה,פתח תקווה,yellow market | 24/7 | בנזין 98 | מיכלי גז | תרופות ללא מרשם
536,אקסודוס,אקסודוס  6,אשקלון,yellow market | 24/7 | פז charge | תרופות ללא מרשם
275,אריאל,הכניסה לרחוב מוריה מול האונברסיטה,אריאל,yellow | 24/7 | בנזין 98 | תרופות ללא מרשם
138,אשדוד עיר,שד' בני ברית א.ת הקלה,אשדוד,פז wash | yellow | 24/7 | כספומט | פז charge | אוריאה | תרופות ללא מרשם
614,אשכול,כביש מגן מבטחים-צומת מגן,באר שבע,yellow | 24/7 | פלאפל בריבוע | פז charge | אוריאה | מיכלי גז | תרופות ללא מרשם
135,אשל הרצליה,"כביש ת""א-חיפה מחלף הסירה",הרצליה,yellow | 24/7 | בנזין 98 | פז charge | תרופות ללא מרשם
122,אשקלון גלים,כניסה ראשית של אשקלון-כ.אשקלון-עזה,אשקלון,"yellow | 24/7 | גפ""מ | פז charge"
166,אשקלון דוד,צומת אשקלון,אשקלון,24/7 | כספומט | פז charge | מיכלי גז | תרופות ללא מרשם
543,אשקלון דרום,שד' בר לב 28,אשקלון,yellow | בנזין 98 | פז charge | אוריאה
437,באקה,מחלף באקה - כביש 6,באקה אל-גרביה,yellow | 24/7 | כספומט | פז charge | אוריאה | תדלוק בשירות מלא
602,באר שבע מרכז,דרך חברון  1,באר שבע,yellow | 24/7 | כספומט
601,באר שבע צפון,שד' ירושלים  מול בית החייל באר שבע,באר שבע,yellow market | 24/7 | כספומט | בנזין 98 | מיכלי גז | תרופות ללא מרשם
373,ביר אל אמיר,אל-פאחיורה פינת רחוב 1006,נצרת,24/7 | בנזין 98 | אוריאה | תדלוק בשירות מלא
425,ביר אל מכסור,ליד שפרעם,ביר אל-מכסור,yellow | כספומט | בנזין 98 | אוריאה | תדלוק בשירות מלא
540,בית אל,בית אל,בית אל,שומרות שבת
417,בית הכרם,כביש 85 עכו צפת,מג'ד אל-כרום,"yellow | 24/7 | גפ""מ | כספומט | אוריאה"
510,בית חנינה,כביש ירושלים רמאללה,ירושלים,תדלוק בשירות מלא
375,בית יצחק,כביש 57 צומת השרון בכניסה לנורדיה,בית יצחק-שער חפר,yellow market | 24/7 | כספומט | בנזין 98 | פז charge | מיכלי גז | תרופות ללא מרשם
245,בית מור,"כביש 40 בין צומת ביל""ו לרמלה",רמלה,yellow | 24/7 | תדלוק בשירות מלא
629,בית קמה,צומת בית קמה,בית קמה,"yellow | 24/7 | גפ""מ | כספומט | פז charge | אוריאה | תדלוק בשירות מלא | מיכלי גז | תרופות ללא מרשם"
304,בית שאן,המלך שאול  304,בית שאן,yellow | שומרות שבת
518,בית שמש,כביש בכניסה לבית שמש,בית שמש,yellow | שומרות שבת | בנזין 98 | פז charge | אוריאה
538,בית שמש הצומת,א.ת צפוני,בית שמש,yellow | שומרות שבת | כספומט | תרופות ללא מרשם
303,בנימינה ברניצקי,כביש 4  צומת בנימינה,בנימינה-גבעת עדה,פז wash | yellow market | 24/7 | פז charge | אוריאה | תדלוק בשירות מלא | מיכלי גז | תרופות ללא מרשם
365,בעינה,כביש צפת עכו,דייר אל-אסד,
501,בקעה,דרך בית לחם  11,ירושלים,yellow | 24/7
419,בקעת טורעאן,בקעת טורעאן,טורעאן,תדלוק בשירות מלא
191,ברורים,כביש 40 - כביש 4 צומת ראם - קרית מלאכי,קרית מלאכי,yellow | 24/7 | פז charge | מיכלי גז | תרופות ללא מרשם
505,בר-כוכבא,שד' בן-צבי,ירושלים,yellow | שומרות שבת | בנזין 98
222,בת חפר,כביש 5714   בחן,בת חפר,24/7 | פז charge | אוריאה | תרופות ללא מרשם
323,בת-גלים,"יפו 180 כביש חיפה ת""א",חיפה,yellow | 24/7 | אוריאה
517,גבעת שאול,בית הדפוס גבעת שאול,ירושלים,פז wash | בנזין 98 | אוריאה | תדלוק בשירות מלא
258,גבריאל הרצל,רח' הרצל,אשדוד,yellow | 24/7 | פז charge | תרופות ללא מרשם
408,ג'דיידה,בכניסה לכפר מכר-ג'דיידה,ג'דיידה-מכר,yellow | 24/7 | כספומט | בנזין 98 | תדלוק בשירות מלא
391,גוש חלב,בכניסה לגוש חלב כביש מעלות צפת,ג'ש (גוש חלב),yellow | 24/7 | אוריאה
325,גיא-עירון,כביש מגידו חדרה נחל עירון,כפר קרע,yellow | 24/7 | כספומט | בנזין 98 | פז charge | אוריאה | תדלוק בשירות מלא | מיכלי גז | תרופות ללא מרשם
524,גילה,אונטרמן  שכונת גילה,ירושלים,yellow | 24/7 | תדלוק בשירות מלא
267,גילי (שדרות נים),שד' נים-קלמר שור ליד בית הקברות,ראשון לציון,yellow | 24/7 | כספומט | בנזין 98 | פז charge | אוריאה | תדלוק בשירות מלא | מיכלי גז | תרופות ללא מרשם
147,געש,ז'בוטינסקי  63,פתח תקווה,בנזין 98 | אוריאה | תדלוק בשירות מלא
152,גרוזנברג,גרוזנברג  16,תל אביב - יפו,תדלוק בשירות מלא
399,גרנות הגליל,כביש מס' 899 בקמ' ה-14 מצפה גרנות,גורנות הגליל,yellow
256,"גשר האר""י",רח האורזים פינת גשר הארי,נתניה,yellow market | 24/7 | מיכלי גז | תרופות ללא מרשם
186,דוד בת-ים,רזיאל רמת הנשיא  5,בת ים,yellow | 24/7 | תדלוק בשירות מלא
627,דוד ערד,רח' שמיר א.ת בכניסה לעיר  3,ערד,yellow | 24/7 | פז charge | אוריאה
607,דימונה,"כביש ב""ש סדום א.ת דימונה",דימונה,"yellow | 24/7 | פלאפל בריבוע | גפ""מ | כספומט | פז charge | אוריאה | תרופות ללא מרשם"
379,דלית אל כרמל,,דאלית אל-כרמל,yellow | 24/7
542,דרך המנהרות,כביש 60   ביציאה הדרומית מירושלים,ירושלים,yellow | שומרות שבת | בנזין 98 | אוריאה | תרופות ללא מרשם
250,הבושם אשדוד,רח' הבושם 3,אשדוד,yellow | 24/7
380,הדגן,האיצטדיון 13 ליד הום סנטר  קרית חיים,חיפה,פז wash | yellow | 24/7 | כספומט | פז charge | אוריאה
254,הדסים,כניסה צפונית לאבן יהודה מצומת קדימה הדסים  ליד פנימיית הדסים,אבן יהודה,yellow market | 24/7 | מיכלי גז | תרופות ללא מרשם
307,הדר כרמל,החלוץ  25,חיפה,yellow | 24/7 | כספומט
144,הוד השרון,דרך רמתיים 98,הוד השרון,פז wash | yellow | 24/7 | תדלוק בשירות מלא
366,היוגב,בכניסה למושב יוגב כביש יוקנעם-מגידו,היוגב,yellow | 24/7 | פז charge | מיכלי גז | תרופות ללא מרשם
276,היונה (שמוטקין),שמוטקין פינת ברשבסקי,ראשון לציון,yellow | 24/7 | כספומט | בנזין 98 | פז charge
112,הירקון,דרך נמיר  136,תל אביב - יפו,yellow market | 24/7 | כספומט | פז charge | תדלוק בשירות מלא | מיכלי גז | תרופות ללא מרשם
502,המלך דוד,המלך דוד  19,ירושלים,yellow | 24/7 | כספומט | בנזין 98 | פז charge | תדלוק בשירות מלא
241,הנופר,"הנופר 36 אזה""ת רעננה",רעננה,פז wash | yellow market | 24/7 | בנזין 98 | אוריאה | תרופות ללא מרשם
613,הנשיאים,"דרך הנשיאים כביש ב""ש-בית קמה",באר שבע,yellow | 24/7 | כספומט | בנזין 98 | פז charge | אוריאה | מיכלי גז | תרופות ללא מרשם
108,הסיירים,כביש 4 תל אביב -אשדוד מול מרכז חיזוי בית דגן,בית דגן,"yellow | 24/7 | גפ""מ | כספומט | בנזין 98 | פז charge | אוריאה | תדלוק בשירות מלא | מיכלי גז | תרופות ללא מרשם"
500,העשור,"שד' ויצמן ביציאה מהעיר לת""א",ירושלים,yellow | שומרות שבת
315,הר הכרמל,שדרות הנשיא 132 חיפה מרכז,חיפה,yellow | 24/7 | בנזין 98
113,הרצליה עיר,הרב קוק  74,הרצליה,yellow market | 24/7 | כספומט | תרופות ללא מרשם
158,השלום,דרך השלום  13,תל אביב - יפו,yellow | 24/7 | כספומט | בנזין 98 | תרופות ללא מרשם
145,התקווה,דרך ההגנה 42 שכונת התקווה,תל אביב - יפו,yellow | שומרות שבת
111,זיו און,דרך הטייסים 126,תל אביב - יפו,פז wash | yellow | שומרות שבת | כספומט | אוריאה | תדלוק בשירות מלא
324,זך רופין,כביש חדרה-בית ליד  (בכניסה למכללת רופין),מעברות,yellow market | 24/7 | פלאפל בריבוע | כספומט | בנזין 98 | פז charge | מיכלי גז | תרופות ללא מרשם
213,חגור,כביש 444  צומת קיבוץ חורשים,חגור,yellow | 24/7 | כספומט | פז charge | אוריאה | תדלוק בשירות מלא
308,חדרה,כביש חיפה-חדרה צומת חדרה,חדרה,yellow market | 24/7 | כספומט | פז charge | אוריאה | תרופות ללא מרשם
311,חוואסה,דרך בר יהודה ליד הצ'ק פוסט בכניסה לנשר,חיפה,פז charge
114,חולון,שדרות לוי אשכול כיכר קוגל  1,חולון,yellow | 24/7 | כספומט | בנזין 98 | אוריאה | תדלוק בשירות מלא
333,חוף הכרמל,כביש חיפה - תל אביב ביציאה מחיפה,חיפה,yellow | 24/7 | כספומט | פז charge | מיכלי גז | תרופות ללא מרשם
342,חופית,כביש החוף - בכניסה לכפר ויתקין,כפר ויתקין,yellow | 24/7 | כספומט | בנזין 98 | פז charge | אוריאה | מיכלי גז | תרופות ללא מרשם
306,חיפה מזרח,חטיבת גולני  64,חיפה,yellow | 24/7
326,טבעון,אלונים 2 בכניסה לטבעון,קרית טבעון,yellow | 24/7 | בנזין 98 | פז charge | אוריאה | תדלוק בשירות מלא
409,טבריה עילית,רח ויצמן א.ת. חדש טבריה עילית,טבריה,yellow | 24/7 | פז charge
322,טבריה עיר,אלחדיף,טבריה,yellow | שומרות שבת | כספומט | תרופות ללא מרשם
179,טופז,משה סנה  199,רמת השרון,yellow market | 24/7 | פלאפל בריבוע | כספומט | בנזין 98 | פז charge | תדלוק בשירות מלא | תרופות ללא מרשם
116,טירה,בכניסה לישוב כפר טירה מכיוון כפר סבא,טירה,yellow | 24/7 | כספומט | בנזין 98
356,טירת הכרמל,"כרמלים אזה""ת טירת הכרמל",טירת כרמל,24/7
109,טל הגשר,,,כספומט | בנזין 98 | אוריאה
214,טל עופרה,צומת טל עופרה בכניסה לאלפי מנשה,אלפי מנשה,yellow | 24/7 | כספומט | בנזין 98 | פז charge | תרופות ללא מרשם
274,יבנה הירוקה,המיסב 6,יבנה,yellow market | 24/7 | פז charge | תרופות ללא מרשם
257,יהוד,רח' אלטלף  21,יהוד-מונוסון,פז wash | yellow | 24/7 | תרופות ללא מרשם
353,יזרעאליה,דרך שמחה גולן נווה שאנן,חיפה,yellow | 24/7
420,יסמין,רח' הטחנה איזור תעשיה,בנימינה-גבעת עדה,yellow | 24/7 | כספומט | פז charge | תרופות ללא מרשם
345,יפעת,בכניסה לקיבוץ יפעת,יפעת,yellow | 24/7
153,יציב,"כביש גהה בני ברק ע""י קוקה קולה",בני ברק,yellow | שומרות שבת | כספומט | בנזין 98 | תדלוק בשירות מלא | תרופות ללא מרשם
368,יקנעם החדשה,התעשייה 3 ת.ד. 86 יוקנעם עילית,יקנעם עילית,yellow | 24/7 | מיכלי גז
433,ירכא,סיטי מול,ירכא,yellow | 24/7 | פז charge | תרופות ללא מרשם
161,ירמיהו,ירמיהו  9,תל אביב - יפו,yellow | 24/7 | בנזין 98
238,כוכב יאיר,כביש כוכב יאיר -צור יגאל,כוכב יאיר,yellow market | 24/7 | בנזין 98
527,כנפי נשרים,"עקיבא אזולאי 1 א""ת גבעת שאול",ירושלים,פז wash | yellow | שומרות שבת | בנזין 98 | פז charge
407,כפר יאסיף,כפר יאסיף,כפר יאסיף,24/7 | תדלוק בשירות מלא
423,כפר כנא,בכניסה לכפר כנא   ליד משרד הרישוי,כפר כנא,yellow | 24/7 | בנזין 98 | תדלוק בשירות מלא
421,כפר מנדא,כביש 781 מול כפר מנדא,כפר מנדא,yellow | 24/7
251,כפר סבא מזרח,"א""ת עתיר ידע ליד כביש 55  כפר סבא מזרח",כפר סבא,"yellow | 24/7 | גפ""מ | פז charge | מיכלי גז | תרופות ללא מרשם"
328,כפר תבור,כביש 65 מרכז כפר תבור לכיוון צפון,כפר תבור,yellow | 24/7 | פז charge | אוריאה | תרופות ללא מרשם
312,כרכור,כביש פרדס חנה-כרכור רחוב המושב,פרדס חנה-כרכור,yellow | 24/7
603,כרמי מרכז הנגב,דרך מצדה מרכז הנגב,באר שבע,24/7 | אוריאה
369,כרמיאל,קש פז,כרמיאל,פז wash | 24/7 | פז charge
424,כרמיאל מערב,"דרור 1 פינת קק""ל",כרמיאל,פז wash | yellow | 24/7 | בנזין 98
392,לב המפרץ,כביש 75 דרך העמקים  מול קניון לב המפרץ,חיפה,yellow | 24/7 | בנזין 98 | אוריאה
252,לוד ויסוצקי,רח' אבא הילל סילבר  7,לוד,פז wash | yellow | 24/7 | כספומט | בנזין 98 | פז charge | אוריאה | תרופות ללא מרשם
232,לוד יוספטל,חטיבת יפתח שכ' יוספטל לוד  6,לוד,yellow | 24/7 | אוריאה
196,למד,כביש קאנטרי קלאב המשך אבן גבירול מול אזורי חן,תל אביב - יפו,
610,לשם אילת,דרך הערבה 4 ת.ד. 9113,אילת,yellow | 24/7 | כספומט | בנזין 98 | פז charge | אוריאה | תדלוק בשירות מלא
503,מאה שערים,שבטי ישראל  44,ירושלים,yellow | שומרות שבת
418,מבוא עתלית,בכניסה לעתלית  מול מחנה המעפילים,עתלית,"yellow | 24/7 | גפ""מ | פז charge | מיכלי גז | תרופות ללא מרשם"
626,"מבואות ב""ש","בכניסה הצפונית לב""ש מול הנשיאים",באר שבע,yellow | 24/7 | פז charge | תרופות ללא מרשם
429,מבואות נצרת,רחוב 7000,נצרת,24/7 | תדלוק בשירות מלא
526,מבשרת ירושלים,שכונת נוף הרים מבשרת ציון,ירושלים,yellow | שומרות שבת | בנזין 98 | תדלוק בשירות מלא
415,מגדל העמק,שד' המדע א.ת רמת גבריאל  22,מגדל העמק,yellow market | 24/7 | כספומט | פז charge | תרופות ללא מרשם
314,מג'דל כרום,לכיוון הכניסה לכפר,מג'ד אל-כרום,תדלוק בשירות מלא
263,מודיעין הראל דרך צור,המכונאי 1  אזור תעשיה ישפרו סנטר,מודיעין-מכבים-רעות,"yellow | שומרות שבת | גפ""מ | בנזין 98 | פז charge | תרופות ללא מרשם"
253,מודיעין ליגד,אזור התעשיה מול בית העלמין.,מודיעין-מכבים-רעות,yellow | 24/7 | בנזין 98 | פז charge | אוריאה
218,מויאל,"הלוחמים 1 מול בי""ח ולפסון",חולון,yellow | 24/7 | כספומט | בנזין 98 | פז charge
259,מזכרת בתיה,כביש 411 ליד הכניסה למזכרת בתיה.,מזכרת בתיה,yellow
541,מישור אדומים,מישור אדומים,ירושלים,פז wash | שומרות שבת | בנזין 98 | תרופות ללא מרשם
248,מכון הרישוי פולג,גיבורי ישראל א.ת. פולג,נתניה,yellow | שומרות שבת
360,מכר,כביש צפת - עכו ליד כפר מכר,ג'דיידה-מכר,yellow | 24/7 | אוריאה
513,מנדלבאום,פיקוד מרכז  1,ירושלים,פז wash | yellow | 24/7 | בנזין 98 | פז charge | תרופות ללא מרשם
195,מנחם,"כביש ראשל""צ-נס ציונה צומת גן הורדים",ראשון לציון,yellow | 24/7 | פלאפל בריבוע | כספומט | בנזין 98 | פז charge | תרופות ללא מרשם
528,מסילת ציון,כביש בית שמש-שער הגיא,מסילת ציון,"yellow | 24/7 | גפ""מ | בנזין 98 | פז charge | אוריאה | מיכלי גז"
521,מעלה אדומים,"כביש יריחו-י""ם דרך הר הבית 1",ירושלים,פז charge | תדלוק בשירות מלא
372,מעלות,"שד' מ""ג המעפילים כניסה מערבית מעלות",מעלות-תרשיחא,yellow | 24/7 | כספומט | בנזין 98 | אוריאה | תרופות ללא מרשם
247,מערב ראשון,"רח' רוזנסקי מערב ראשל""צ  7",ראשון לציון,yellow | 24/7 | בנזין 98
378,מפגש ארבל-מגדל,אחרי מגדל כביש בין צ.צלמון לצ.מגדל,מגדל,yellow | 24/7 | פז charge | מיכלי גז
352,מצפה גולן,שד' ספיר צומת 77 כניסה לטבריה ממערב.,טבריה,yellow | 24/7
413,מצפה טורען,כביש 65 לכיוון צומת גולני,טורעאן,yellow | 24/7 | בנזין 98 | פז charge | אוריאה | מיכלי גז
249,נאות אביב,דובנוב  7,תל אביב - יפו,פז charge | תדלוק בשירות מלא
605,נאות מדבר,דרך מצדה  266,באר שבע,"פז wash | yellow | 24/7 | גפ""מ | תרופות ללא מרשם"
316,נהריה,כביש 4 מול הכניסה לנהריה,נהריה,yellow | 24/7 | כספומט | בנזין 98 | פז charge | אוריאה | תרופות ללא מרשם
427,נהריה לוחמי הגטאות,אזור התעשייה,נהריה,yellow | 24/7 | בנזין 98 | תרופות ללא מרשם
511,נווה יעקב,דרך רמאללה,ירושלים,תדלוק בשירות מלא
236,נווה עוז,דרך יצחק רבין דגניה ליד בית חרושת אוסם 5,פתח תקווה,yellow | 24/7 | בנזין 98 | מיכלי גז
107,נווה צדק (רחוב אילת),אילת  35,תל אביב - יפו,yellow | שומרות שבת | פז charge
266,נויה,כביש 40 בכניסה לקיבוץ גבעת ברנר,גבעת ברנר,פז wash | yellow | 24/7 | בנזין 98 | פז charge
348,נורדיה,כביש 4  דרומית לצומת השרון,נורדיה,24/7 | פז charge
212,נחלת יהודה,כביש בית דגן- ראשון לציון  מול המכון הוטרינרי,ראשון לציון,"פז wash | yellow market | 24/7 | פלאפל בריבוע | גפ""מ | כספומט | בנזין 98 | אוריאה | מיכלי גז | תרופות ללא מרשם"
376,נטופה,כביש 77 צומת המוביל לכוון טבריה,מצפה נטופה,פז charge | אוריאה
146,ניר גלים,יציאה צפונית של אשדוד ליד ניר גלים,אשדוד,yellow | שומרות שבת | בנזין 98 | פז charge | אוריאה
414,נצרת עילית,מעלה יצחק  25,נוף הגליל,yellow | 24/7
332,נצרת עץ הזית,פאולוס הששי רח' ראשי,נצרת,yellow | 24/7 | כספומט | תדלוק בשירות מלא
612,נתיבות החדשה,בעלי המלאכה 97,נתיבות,שומרות שבת | פז charge | תדלוק בשירות מלא | תרופות ללא מרשם
339,נתניה עיר,הרצל  48,נתניה,yellow | שומרות שבת
132,סביון,כביש מסובים יהוד- צומת סביון,אור יהודה,yellow market | 24/7 | פלאפל בריבוע | כספומט | בנזין 98 | פז charge | תדלוק בשירות מלא | תרופות ללא מרשם
362,סולם צור,כביש נהריה - ראש הנקרה א.ת.לימן,נהריה,פז charge
354,סטלה מאריס,אליהו חכים 1 כרמל צרפתי,חיפה,yellow | פז charge
210,סילבר,כביש אשקלון אשדוד צומת סילבר,אשקלון,yellow | 24/7 | כספומט | בנזין 98 | פז charge | אוריאה | מיכלי גז | תרופות ללא מרשם
400,סכנין,רחוב ראשי  ליד משרד הרישוי,סח'נין,
422,סכנין החדשה,סכנין,סח'נין,24/7 | תדלוק בשירות מלא
131,סלמה,דרך סלמה  27,תל אביב - יפו,yellow | שומרות שבת
611,עבדת,"כביש ב""ש מצפה רמון אתר עבדת",באר שבע,yellow | 24/7 | פז charge | אוריאה | מיכלי גז | תרופות ללא מרשם
193,עד הלום,א.ת. עד-הלום כביש אשדוד אשקלון,אשדוד,"פז wash | 24/7 | גפ""מ | כספומט | בנזין 98 | פז charge | אוריאה | תרופות ללא מרשם"
337,עוז בת גלים,דרך יפו  196,חיפה,yellow | 24/7
341,עוז נתניה / עוזנת,מחלף נתניה צפון (הרצל 102 ),נתניה,yellow | 24/7
159,עוז ראשון לציון,הרצל  15,ראשון לציון,yellow | תדלוק בשירות מלא
160,עוז רמת גן,זבוטינסקי  37,רמת גן,yellow | 24/7 | כספומט | בנזין 98
389,עוספיה,כביש ראשי עוספיה  ביציאה לכיוון חיפה,עספיא,yellow | 24/7 | כספומט | בנזין 98 | תרופות ללא מרשם
239,עופרה,בכניסה לישוב,עופרה,yellow | שומרות שבת
349,עוקף נצרת,כביש עוקף נצרת,נצרת,yellow | 24/7 | כספומט | בנזין 98 | פז charge | תדלוק בשירות מלא
178,עוקף רמלה,כביש עוקף רמלה דרך ירושלים,רמלה,yellow | 24/7 | כספומט | אוריאה
533,עזרא  גבריאל,המדע א.ת. הצפוני  32,אשדוד,yellow | שומרות שבת | אוריאה
509,עזריה,דרך יריחו,ירושלים,תדלוק בשירות מלא
246,עין ורד,בכניסה למושב עין ורד,עין ורד,yellow market | 24/7 | תרופות ללא מרשם
609,עין חצבה,כביש הערבה מושב עין חצבה,עין חצבה,24/7 | פז charge | מיכלי גז | תרופות ללא מרשם
301,עכו עיר,דרך הארבעה  7,עכו,yellow | 24/7 | בנזין 98
300,עכו צפון,כביש ישן עכו-נהריה מול מכללת הגליל,עכו,yellow | 24/7
133,עלית רמת גן,הראשונים  2,רמת גן,yellow | 24/7
625,עמיעוז,דרומה לצומת מגן,עמיעוז,yellow | 24/7
631,עמק שרה,ליד קוסמוס חוצות להב עמק שרה,באר שבע,yellow | 24/7 | פז charge | אוריאה
302,עפולה,חטיבה תשע,עפולה,שומרות שבת | פז charge
331,עתלית,"כביש חיפה-ת""א הישן צומת עתלית",עתלית,yellow
124,"פ""ת עיר",ז'בוטינסקי 6,פתח תקווה,yellow | שומרות שבת
242,"פז ""משה""",רכטמן רחובות רחובות  כרמן גבריאלוב פינת היצירה א.ת קלמן גברי,רחובות,yellow | שומרות שבת | בנזין 98
4101,פז CHARGE ביג צ'ק פוסט,דרך בר יהודה  111,חיפה,פז charge
261,פז אור יהודה,יהונתן נתניהו 6,אור יהודה,yellow | שומרות שבת | בנזין 98 | פז charge | תרופות ללא מרשם
633,פז גדרה,רח' מנחם בגין לפני היציאה לכביש 3933,גדרה,"yellow | 24/7 | גפ""מ | בנזין 98 | פז charge | תרופות ללא מרשם"
192,פז גן,קויפמן 7 מול בית גיבור,תל אביב - יפו,yellow | 24/7 | בנזין 98
632,פז השקמה,בית קמה,בית קמה,yellow | 24/7 | בנזין 98 | פז charge | אוריאה | מיכלי גז | תרופות ללא מרשם
432,פז כורדני,שד' ירושלים,קרית מוצקין,yellow market | 24/7 | פז charge | תרופות ללא מרשם
431,פז מע'אר,כביש 807 מעאר,מגאר,yellow | 24/7 | כספומט | אוריאה | תדלוק בשירות מלא
623,פז-בר,דרך חברון ליד המכתשים,באר שבע,בנזין 98 | אוריאה
183,פנינת השומרון,"קרני שומרון (יו""ש)",קרני שומרון,yellow | שומרות שבת | אוריאה
529,פסגת זאב,שד' משה דיין- פסגת זאב,ירושלים,yellow | שומרות שבת | כספומט | פז charge | תדלוק בשירות מלא
371,פקיעין,כניסה לפקיעין צומת חוסן-רמה,פקיעין חדשה,yellow | 24/7 | כספומט | בנזין 98 | אוריאה | תדלוק בשירות מלא
318,פרדס חנה,רח' הנדיב,פרדס חנה-כרכור,תדלוק בשירות מלא
123,פתח תקוה צפון,הירקונים  2,פתח תקווה,yellow | שומרות שבת | אוריאה
121,צבר,דרך ירושלים 8,אזור,"yellow | 24/7 | גפ""מ | פז charge | מיכלי גז | תרופות ללא מרשם"
516,צומת האלה,"כביש בית שמש - י""ם",ירושלים,yellow | 24/7 | בנזין 98 | פז charge | מיכלי גז
430,צומת כח,מפגש כביש 90 עם כביש 899,קרית שמונה,"yellow | 24/7 | גפ""מ | כספומט | בנזין 98 | פז charge | אוריאה | מיכלי גז | תרופות ללא מרשם"
340,צומת נתניה,כביש חיפה תל אביב בצומת נתניה צפון,נתניה,yellow | 24/7 | פלאפל בריבוע | כספומט | בנזין 98 | אוריאה | מיכלי גז | תרופות ללא מרשם
343,צמח,צומת צמח-עמק הירדן,טבריה,"yellow | 24/7 | גפ""מ | כספומט | בנזין 98 | פז charge | אוריאה | מיכלי גז | תרופות ללא מרשם"
320,צפת,דרך העצמאות מול תחנה מרכזית אגד,צפת,yellow | שומרות שבת | כספומט | פז charge
165,קבוץ גלויות,קיבוץ גלויות  100,תל אביב - יפו,yellow | 24/7 | בנזין 98 | אוריאה
184,קדימה,כביש 4 אחרי צומת קדימה (לכיוון לצפון),קדימה-צורן,yellow market | 24/7 | כספומט | בנזין 98 | פז charge | אוריאה
255,קואופ רמלה,שד' ירושלים,רמלה,yellow | 24/7 | פז charge
363,קיט ונופש,"פינת רחוב פלימן מול קניון חיפה(המת""מ)",חיפה,yellow | 24/7 | בנזין 98
355,קיסריה,מחלף קיסריה ליד תחנת הכח,קיסריה,פז wash | yellow | 24/7 | כספומט | בנזין 98 | פז charge | מיכלי גז | תרופות ללא מרשם
428,קצרין,מס' 4   א.תעשיה,קצרין,yellow | 24/7 | אוריאה
190,קריית שרת,האורגים  6,חולון,yellow | 24/7 | אוריאה
177,קרית אונו,לוי אשכול  23,קרית אונו,yellow market | 24/7 | כספומט | תדלוק בשירות מלא | מיכלי גז | תרופות ללא מרשם
532,קרית ארבע החדשה,כביש 60  בכניסה לקרית ארבע,קרית ארבע,yellow | שומרות שבת | אוריאה
202,קרית אריה,היצירה  8,פתח תקווה,yellow | שומרות שבת
329,קרית אתא,דרך דשנים 18 כניסה מערבית לקרית אתא,קרית אתא,yellow | 24/7
330,קרית ביאליק,"דרך עכו חיפה  א""ת קרית ביאליק לכיוון צפון",קרית ביאליק,yellow | 24/7 | פז charge | אוריאה
118,קרית גת,שדרות דרום  3,קרית גת,פז wash | yellow | שומרות שבת | פז charge | אוריאה | תרופות ללא מרשם
604,קרית הממשלה,דרך פועלי בנין  8,באר שבע,yellow market | 24/7 | פז charge | תרופות ללא מרשם
115,קרית מלאכי,"צה""ל",קרית מלאכי,yellow | שומרות שבת | פז charge
514,קרית מנחם,דרך הנרייטה סאלד,ירושלים,yellow market | 24/7 | פז charge | תרופות ללא מרשם
260,קרית עקרון,"המלך חסן השני  אזה""ת עקרון",קרית עקרון,פז wash | yellow | 24/7 | כספומט | בנזין 98 | פז charge | תרופות ללא מרשם
313,קרית שמונה,שדרות תל חי,קרית שמונה,yellow market | 24/7 | בנזין 98 | אוריאה
221,ראש העין - אפק,עבד אלכרים 1,כפר קאסם,פז wash | 24/7 | בנזין 98 | אוריאה | תדלוק בשירות מלא
319,ראש פינה,דרך הגליל ליד תחנת משטרת ראש פינה,ראש פינה,yellow | 24/7 | פז charge
335,רוממה,"דרך פיק""א צומת רופין",חיפה,yellow market | 24/7 | כספומט | פז charge | תדלוק בשירות מלא | מיכלי גז | תרופות ללא מרשם
136,רונית,כביש מס' 2 - כביש החוף יציאה מהרצליה לכיון תל אביב,הרצליה,yellow | 24/7 | כספומט | בנזין 98 | אוריאה | תדלוק בשירות מלא | תרופות ללא מרשם
508,רוקפלר,מוזיאון רוקפלר מזרח ירושלים,ירושלים,תדלוק בשירות מלא
134,רמה רחובות,הרצל  41,רחובות,yellow market | 24/7 | כספומט | בנזין 98 | פז charge | תרופות ללא מרשם
126,רמה רמת גן,ז'בוטינסקי  66,רמת גן,yellow | בנזין 98 | פז charge
520,רמות,הר חוצבים-שד' גולדה מאיר,ירושלים,בנזין 98 | תדלוק בשירות מלא
149,רמלה גדולה,הרצל  117,רמלה,
127,רמלה קטנה,הרצל  89,רמלה,yellow | שומרות שבת
512,רמת אשכול,פארן  5,ירושלים,yellow | שומרות שבת
506,רמת דניה,גולומב,ירושלים,yellow market | 24/7 | בנזין 98 | פז charge | תדלוק בשירות מלא | מיכלי גז | תרופות ללא מרשם
618,רמת חובב,"כביש ב""ש משאבי שדה רמת חובב",נאות חובב,אוריאה
203,רשף,סעדיה גאון  24,תל אביב - יפו,yellow | שומרות שבת
244,רשף יבנה,הסנדרין (דרך הים),יבנה,yellow | 24/7 | בנזין 98 | פז charge | אוריאה | מיכלי גז | תרופות ללא מרשם
209,שדרות,א.ת החדש-שדרות,שדרות,yellow | 24/7 | פז charge | אוריאה
173,שדרות בן צבי,שד' בן צבי  46,תל אביב - יפו,פז wash | yellow | 24/7 | בנזין 98 | פז charge | אוריאה
519,שואבה,"צומת שורש כביש ת""א-ירושלים",שואבה,"yellow | 24/7 | גפ""מ | כספומט | בנזין 98 | פז charge | אוריאה | תדלוק בשירות מלא | מיכלי גז | תרופות ללא מרשם"
272,שוהם,רחוב רימון. פארק תעשיה חבל מודיעין,שוהם,פז wash | yellow | 24/7 | פלאפל בריבוע | אוריאה
615,שוקת,צומת שוקת  קיבוץ להב.,להב,"yellow | 24/7 | גפ""מ | כספומט | בנזין 98 | פז charge | אוריאה | תרופות ללא מרשם"
199,שיאונה,הירקונים בכניסה לכפר הבפטיסטים,פתח תקווה,yellow | 24/7 | בנזין 98 | פז charge
197,שמשונים,ביאליק פינת החשמל שכונת שמשונים,אשקלון,פז wash | בנזין 98 | אוריאה | תדלוק בשירות מלא
504,שער הגיא,"מחלף שער הגיא כביש י""ם ת""א",ירושלים,yellow | 24/7 | כספומט | בנזין 98 | פז charge | תדלוק בשירות מלא
243,שער השרון,צומת טייבה כביש 444,טייבה,בנזין 98 | תדלוק בשירות מלא
383,שפרעם דרום,ואדי אסקיע  יציאה דרומית שפרעם,שפרעם,yellow | 24/7 | כספומט | פז charge | אוריאה | תדלוק בשירות מלא
321,שפרעם עיר,בכניסה לשפרעם ממערב,שפרעם,yellow | 24/7 | תדלוק בשירות מלא
234,שרונים,בן יהודה מול חטיבת ביניים בר-לב,כפר סבא,"yellow | 24/7 | גפ""מ | בנזין 98 | פז charge"
531,תחנת מוזיאון ירושלים,חניון מוזיאון ישראל,ירושלים,yellow | 24/7 | בנזין 98 | פז charge | אוריאה | תרופות ללא מרשם
624,תל שבע,בכניסה לתל שבע,תל שבע,24/7
515,תלפיות,איזור תעשיה תלפיות,ירושלים,yellow | שומרות שבת | פז charge
359,תמרה,כביש שפרעם - אחיהוד אעבלין,טמרה,פז wash | yellow | פז charge | אוריאה
237,תנובות,כביש 57 בכניסה למושב תנובות,תנובות,פז charge | תדלוק בשירות מלא
367,תענכים,כביש התענכים,עפולה,"yellow | 24/7 | גפ""מ | כספומט | בנזין 98 | פז charge | אוריאה | תרופות ללא מרשם"
